﻿<?xml version="1.0" encoding="utf-8" ?>
<c2eventsheet>
    <!--All the 'name' attributes are ignored by Construct 2 - they are there for readability only.-->
    <name>Event sheet 1</name>
    <events>
        <variable constant="0" name="dificuldade" sid="7592221840098536" static="0" type="number">10</variable>
        <comment>Always make the player look at the mouse.</comment>
        <event-block sid="4369659584911999">
            <conditions>
                <condition id="-1" name="Every tick" sid="4516221447763124" type="System" />
            </conditions>
            <actions>
                <action id="-22" name="Set angle toward position" sid="7598609719280068" type="Player">
                    <param id="0" name="X">Mouse.X(&quot;Game&quot;)</param>
                    <param id="1" name="Y">Mouse.Y(&quot;Game&quot;)</param>
                </action>
            </actions>
        </event-block>
        <comment>Shoot 10 times a second while holding the left mouse button down.  Adjust the bullet angle by a random amount (-4 to +4 degrees) to add some inaccuracy to the firing.</comment>
        <event-block sid="7805657328616638">
            <conditions>
                <condition id="2" name="Mouse button is down" sid="4446536667864399" type="Mouse">
                    <param id="0" name="Mouse button">0</param>
                </condition>
                <condition id="-6" name="Every X seconds" sid="1407178464450724" type="System">
                    <param id="0" name="Interval (seconds)">0.1</param>
                </condition>
            </conditions>
            <actions>
                <action id="0" name="Spawn another object" sid="5419359253272219" type="Player">
                    <param id="0" name="Object">Bullet</param>
                    <param id="1" name="Layer">&quot;Game&quot;</param>
                    <param id="2" name="Image point">&quot;ShootPoint&quot;</param>
                </action>
                <action id="-18" name="Rotate clockwise" sid="463071885754026" type="Bullet">
                    <param id="0" name="Degrees">random(-4, 4)</param>
                </action>
            </actions>
        </event-block>
        <comment>If a bullet hits an enemy, subtract 10 from its health.  When an enemy runs out of health, destroy it.</comment>
        <event-block sid="7096749850558237">
            <conditions>
                <condition id="0" name="On collision with another object" sid="3146453044332332" type="Bullet">
                    <param id="0" name="Object">inimigo</param>
                </condition>
            </conditions>
            <actions>
                <action id="-12" name="Subtract from" sid="3867115471453065" type="inimigo">
                    <param id="0" name="Instance variable">Health</param>
                    <param id="1" name="Value">10</param>
                </action>
                <action id="-9" name="Destroy" sid="8466521190910448" type="Bullet" />
            </actions>
        </event-block>
        <event-block sid="5779668851832619">
            <conditions>
                <condition id="-7" name="Compare instance variable" sid="2546078434704792" type="inimigo">
                    <param id="0" name="Instance variable">Health</param>
                    <param id="1" name="Comparison">3</param>
                    <param id="2" name="Value">0</param>
                </condition>
            </conditions>
            <actions>
                <action id="-9" name="Destroy" sid="8530967293522437" type="inimigo" />
            </actions>
        </event-block>
        <comment>Allow WASD as alternate controls to the default arrow keys.</comment>
        <event-block sid="3751686586282325">
            <conditions>
                <condition id="2" name="Key is down" sid="1519056560860074" type="Keyboard">
                    <param id="0" name="Key">87 (W)</param>
                </condition>
            </conditions>
            <actions>
                <action behavior="8Direction" id="7" name="Simulate control" sid="2189441792848605" type="Player">
                    <param id="0" name="Control">2</param>
                </action>
            </actions>
        </event-block>
        <event-block sid="8586107252497538">
            <conditions>
                <condition id="2" name="Key is down" sid="7292662594478066" type="Keyboard">
                    <param id="0" name="Key">65 (A)</param>
                </condition>
            </conditions>
            <actions>
                <action behavior="8Direction" id="7" name="Simulate control" sid="4761242159250781" type="Player">
                    <param id="0" name="Control">0</param>
                </action>
            </actions>
        </event-block>
        <event-block sid="70631873209052">
            <conditions>
                <condition id="2" name="Key is down" sid="589871204862975" type="Keyboard">
                    <param id="0" name="Key">83 (S)</param>
                </condition>
            </conditions>
            <actions>
                <action behavior="8Direction" id="7" name="Simulate control" sid="6927592463563406" type="Player">
                    <param id="0" name="Control">3</param>
                </action>
            </actions>
        </event-block>
        <event-block sid="2635675241382996">
            <conditions>
                <condition id="2" name="Key is down" sid="3085378613887226" type="Keyboard">
                    <param id="0" name="Key">68 (D)</param>
                </condition>
            </conditions>
            <actions>
                <action behavior="8Direction" id="7" name="Simulate control" sid="4538542513120335" type="Player">
                    <param id="0" name="Control">1</param>
                </action>
            </actions>
        </event-block>
        <event-group description="" sid="7097794569192807" title="inimigo">
            <sub-events>
                <event-block sid="8102415667798934">
                    <conditions>
                        <condition id="-6" name="Every X seconds" sid="375536156512414" type="System">
                            <param id="0" name="Interval (seconds)">0.5</param>
                        </condition>
                    </conditions>
                    <actions>
                        <action behavior="Pathfinding" id="0" name="Find path" sid="4115242447470441" type="inimigo">
                            <param id="0" name="X">Player.X</param>
                            <param id="1" name="Y">Player.Y</param>
                        </action>
                    </actions>
                </event-block>
                <event-block sid="1314815519940203">
                    <conditions>
                        <condition behavior="Pathfinding" id="0" name="On path found" sid="1952547175615991" type="inimigo" />
                    </conditions>
                    <actions>
                        <action behavior="Pathfinding" id="1" name="Move along path" sid="4216890218984805" type="inimigo" />
                    </actions>
                </event-block>
                <event-block sid="2307635836887174">
                    <conditions>
                        <condition behavior="Pathfinding" id="1" name="On failed to find path" sid="1278019200326929" type="inimigo" />
                    </conditions>
                    <actions>
                        <action behavior="Pathfinding" id="0" name="Find path" sid="8855736087669435" type="inimigo">
                            <param id="0" name="X">Player.X</param>
                            <param id="1" name="Y">Player.Y</param>
                        </action>
                    </actions>
                </event-block>
            </sub-events>
        </event-group>
        <event-group description="" sid="2703680284031033" title="spaw inimigos" />
        <event-block sid="9697635799343625">
            <conditions>
                <condition id="-6" name="Every X seconds" sid="1758185865151155" type="System">
                    <param id="0" name="Interval (seconds)">dificuldade</param>
                </condition>
            </conditions>
            <actions>
                <action id="0" name="Spawn another object" sid="3655929896401689" type="spawn1">
                    <param id="0" name="Object">inimigo</param>
                    <param id="1" name="Layer">1</param>
                    <param id="2" name="Image point">0</param>
                </action>
            </actions>
        </event-block>
        <event-block sid="3137113206375598">
            <conditions>
                <condition id="-6" name="Every X seconds" sid="5781842999969648" type="System">
                    <param id="0" name="Interval (seconds)">dificuldade</param>
                </condition>
            </conditions>
            <actions>
                <action id="0" name="Spawn another object" sid="8949310724891884" type="spawn2">
                    <param id="0" name="Object">inimigo</param>
                    <param id="1" name="Layer">1</param>
                    <param id="2" name="Image point">0</param>
                </action>
            </actions>
        </event-block>
        <event-block any="1" sid="2041356888054917">
            <conditions>
                <condition id="-1" name="Compare X" sid="8453252885067824" type="Bullet">
                    <param id="0" name="Comparison">4</param>
                    <param id="1" name="X co-ordinate">1300</param>
                </condition>
                <condition id="-1" name="Compare X" sid="7080717998081103" type="Bullet">
                    <param id="0" name="Comparison">2</param>
                    <param id="1" name="X co-ordinate">-100</param>
                </condition>
            </conditions>
            <actions>
                <action id="-9" name="Destroy" sid="41912280306019" type="Bullet" />
            </actions>
        </event-block>
        <event-block any="1" sid="6409989885392137">
            <conditions>
                <condition id="-2" name="Compare Y" sid="8243300227605771" type="Bullet">
                    <param id="0" name="Comparison">4</param>
                    <param id="1" name="Y co-ordinate">1300</param>
                </condition>
                <condition id="-2" name="Compare Y" sid="6351056876105942" type="Bullet">
                    <param id="0" name="Comparison">2</param>
                    <param id="1" name="Y co-ordinate">-100</param>
                </condition>
            </conditions>
            <actions>
                <action id="-9" name="Destroy" sid="1052841509235086" type="Bullet" />
            </actions>
        </event-block>
        <event-block sid="8143248166950877">
            <conditions>
                <condition id="-6" name="Every X seconds" sid="3821127545317393" type="System">
                    <param id="0" name="Interval (seconds)">30</param>
                </condition>
            </conditions>
            <actions>
                <action id="-11" name="Subtract from" sid="2726116142657695" type="System">
                    <param id="0" name="Variable">dificuldade</param>
                    <param id="1" name="Value">0.5</param>
                </action>
                <action id="0" name="Set text" sid="9433732812798534" type="Text2">
                    <param id="0" name="Text">&quot;Dificuldade: &quot; &amp; dificuldade</param>
                </action>
            </actions>
        </event-block>
        <event-block sid="9547825475406627">
            <conditions>
                <condition id="-2" name="On start of layout" sid="791684495946658" type="System" />
            </conditions>
            <actions>
                <action id="0" name="Set text" sid="5369234097387907" type="Text2">
                    <param id="0" name="Text">&quot;Dificuldade: &quot; &amp; dificuldade</param>
                </action>
            </actions>
        </event-block>
    </events>
</c2eventsheet>
