﻿<?xml version="1.0" encoding="utf-8" ?>
<c2eventsheet>
    <!--All the 'name' attributes are ignored by Construct 2 - they are there for readability only.-->
    <name>goTo</name>
    <events>
        <event-group description="" sid="1358681135482723" title="MENU">
            <sub-events>
                <event-block sid="1031533224853473">
                    <conditions>
                        <condition id="0" name="On clicked" sid="6137140081069837" type="play" />
                    </conditions>
                    <actions>
                        <action id="-2" name="Go to layout" sid="8441962082364519" type="System">
                            <param id="0" name="Layout">gameRoom</param>
                        </action>
                    </actions>
                </event-block>
                <event-block sid="7634531799663947">
                    <conditions>
                        <condition id="0" name="On clicked" sid="2648654101333573" type="rank" />
                    </conditions>
                    <actions>
                        <action id="-2" name="Go to layout" sid="5383627437649664" type="System">
                            <param id="0" name="Layout">rank</param>
                        </action>
                    </actions>
                </event-block>
            </sub-events>
        </event-group>
        <event-group description="" sid="2877235449781504" title="GAME OVER">
            <sub-events>
                <event-block sid="9534261036833955">
                    <conditions>
                        <condition id="0" name="On clicked" sid="2925625418365715" type="gameOver_button" />
                    </conditions>
                    <actions>
                        <action id="-2" name="Go to layout" sid="2858381111106403" type="System">
                            <param id="0" name="Layout">menu</param>
                        </action>
                    </actions>
                </event-block>
                <event-block sid="6405983403035291">
                    <conditions>
                        <condition id="-2" name="On start of layout" sid="5756928659182686" type="System" />
                    </conditions>
                    <actions>
                        <action id="0" name="Set text" sid="1830652675304845" type="lastScore">
                            <param id="0" name="Text">&quot;MORTES: &quot; &amp; zKilled</param>
                        </action>
                        <action id="-21" name="Reset global variables" sid="4430694077942227" type="System" />
                    </actions>
                </event-block>
            </sub-events>
        </event-group>
        <event-group description="" sid="1214509214671692" title="RANK">
            <sub-events>
                <event-block sid="5078671001608192">
                    <conditions>
                        <condition id="0" name="On clicked" sid="1872106293935877" type="menu_back" />
                    </conditions>
                    <actions>
                        <action id="-2" name="Go to layout" sid="5493883643096065" type="System">
                            <param id="0" name="Layout">menu</param>
                        </action>
                    </actions>
                </event-block>
                <event-block sid="9041766600484499">
                    <conditions>
                        <condition id="-2" name="On start of layout" sid="8019711219359736" type="System" />
                    </conditions>
                    <actions>
                        <action id="2" name="Update all" sid="1371697445239605" type="LeaderBoard" />
                    </actions>
                </event-block>
            </sub-events>
        </event-group>
        <event-group description="" sid="128991572576709" title="COMPARTILHAR">
            <sub-events>
                <event-block sid="6536884663813359">
                    <conditions>
                        <condition id="0" name="On clicked" sid="2136981989625817" type="compartilhar" />
                    </conditions>
                    <actions />
                </event-block>
            </sub-events>
        </event-group>
        <event-block sid="9982758481045664">
            <conditions>
                <condition id="-2" name="On start of layout" sid="8340856758480105" type="System" />
            </conditions>
            <actions>
                <action id="21" name="Login" sid="977304877651013" type="Authentication">
                    <param id="0" name="Provider">0</param>
                    <param id="1" name="Type ">0</param>
                    <param id="2" name="Remember ">0</param>
                    <param id="3" name="scope">&quot;&quot;</param>
                </action>
            </actions>
        </event-block>
        <event-block sid="4041509379289158">
            <conditions>
                <condition id="3" name="On update" sid="3693535647403549" type="LeaderBoard" />
            </conditions>
            <actions />
            <sub-events>
                <event-block sid="6658076941378682">
                    <conditions>
                        <condition id="12" name="For each rank in a range" sid="2615248664733579" type="LeaderBoard">
                            <param id="0" name="Start">0</param>
                            <param id="1" name="End">10</param>
                        </condition>
                    </conditions>
                    <actions>
                        <action id="1" name="Append text" sid="6603007114906124" type="rankLista">
                            <param id="0" name="Text">&quot;RANK: &quot;&amp; LeaderBoard.CurPlayerRank &amp; &quot; NOME: &quot;&amp; LeaderBoard.CurPlayerName &amp; newline</param>
                        </action>
                    </actions>
                </event-block>
            </sub-events>
        </event-block>
    </events>
</c2eventsheet>
