﻿<?xml version="1.0" encoding="utf-8" ?>
<c2eventsheet>
    <!--All the 'name' attributes are ignored by Construct 2 - they are there for readability only.-->
    <name>playerEvents</name>
    <events>
        <variable constant="0" name="interval" sid="1495457674717145" static="0" type="number">3</variable>
        <variable constant="0" name="zKilled" sid="5003865571158865" static="0" type="number">0</variable>
        <variable constant="0" name="health" sid="7443805411582209" static="0" type="number">100</variable>
        <event-group description="" sid="8748199164105392" title="Move and tiro">
            <sub-events>
                <event-block sid="7647969933369979">
                    <conditions>
                        <condition id="2" name="Key is down" sid="9730691443874471" type="Keyboard">
                            <param id="0" name="Key">87 (W)</param>
                        </condition>
                    </conditions>
                    <actions>
                        <action id="-2" name="Set Y" sid="3113645011364807" type="player">
                            <param id="0" name="Y">Self.Y - 4</param>
                        </action>
                    </actions>
                </event-block>
                <event-block sid="4769754453471811">
                    <conditions>
                        <condition id="2" name="Key is down" sid="2460031505843436" type="Keyboard">
                            <param id="0" name="Key">83 (S)</param>
                        </condition>
                    </conditions>
                    <actions>
                        <action id="-2" name="Set Y" sid="8893884403102332" type="player">
                            <param id="0" name="Y">Self.Y + 4</param>
                        </action>
                    </actions>
                </event-block>
                <event-block sid="8049543805739435">
                    <conditions>
                        <condition id="2" name="Key is down" sid="8164048007279499" type="Keyboard">
                            <param id="0" name="Key">65 (A)</param>
                        </condition>
                    </conditions>
                    <actions>
                        <action id="-1" name="Set X" sid="5559139266249243" type="player">
                            <param id="0" name="X">Self.X - 4</param>
                        </action>
                    </actions>
                </event-block>
                <event-block sid="5114980643206482">
                    <conditions>
                        <condition id="2" name="Key is down" sid="4781819389578993" type="Keyboard">
                            <param id="0" name="Key">68 (D)</param>
                        </condition>
                    </conditions>
                    <actions>
                        <action id="-1" name="Set X" sid="4452941875801976" type="player">
                            <param id="0" name="X">Self.X + 4</param>
                        </action>
                    </actions>
                </event-block>
                <event-block sid="3965886358003352">
                    <conditions>
                        <condition id="-1" name="Every tick" sid="3043944174514851" type="System" />
                    </conditions>
                    <actions>
                        <action id="-1" name="Set X" sid="4892984309702999" type="target">
                            <param id="0" name="X">Mouse.X</param>
                        </action>
                        <action id="-2" name="Set Y" sid="4033222534768033" type="target">
                            <param id="0" name="Y">Mouse.Y</param>
                        </action>
                    </actions>
                </event-block>
                <event-block sid="5182078869410148">
                    <conditions>
                        <condition id="-1" name="Every tick" sid="1731531050673241" type="System" />
                    </conditions>
                    <actions>
                        <action id="-8" name="Set angle" sid="3439697656734052" type="player">
                            <param id="0" name="Angle">angle(Self.X, Self.Y, Mouse.X, Mouse.Y)</param>
                        </action>
                    </actions>
                </event-block>
                <event-block sid="2633496975225971">
                    <conditions>
                        <condition id="0" name="On click" sid="7499762759609695" type="Mouse">
                            <param id="0" name="Mouse button">0</param>
                            <param id="1" name="Click type">0</param>
                        </condition>
                    </conditions>
                    <actions>
                        <action id="0" name="Spawn another object" sid="7781846647006908" type="player">
                            <param id="0" name="Object">bulllet</param>
                            <param id="1" name="Layer">1</param>
                            <param id="2" name="Image point">1</param>
                        </action>
                        <action id="-15" name="Set visible" sid="5240138431357646" type="bulllet">
                            <param id="0" name="Visibility">1</param>
                        </action>
                        <action id="11" name="Set collisions enabled" sid="9126536146467954" type="bulllet">
                            <param id="0" name="Collisions">1</param>
                        </action>
                        <action id="-8" name="Set angle" sid="6276034926013156" type="bulllet">
                            <param id="0" name="Angle">angle(Self.X, Self.Y, Mouse.X, Mouse.Y)</param>
                        </action>
                    </actions>
                </event-block>
            </sub-events>
        </event-group>
        <event-group description="" sid="6478411949686284" title="zumbi">
            <sub-events>
                <event-block sid="994092083077853">
                    <conditions>
                        <condition id="-1" name="Every tick" sid="9658222431538947" type="System" />
                    </conditions>
                    <actions>
                        <action id="-10" name="Set value" sid="146325717437056" type="zumbi">
                            <param id="0" name="Instance variable">distanceToPlayer</param>
                            <param id="1" name="Value">distance(Self.X, self.Y, player.X, player.Y)</param>
                        </action>
                    </actions>
                </event-block>
                <event-block sid="629862712280804">
                    <conditions>
                        <condition id="-7" name="Compare instance variable" sid="3124894604434667" type="zumbi">
                            <param id="0" name="Instance variable">distanceToPlayer</param>
                            <param id="1" name="Comparison">4</param>
                            <param id="2" name="Value">16</param>
                        </condition>
                    </conditions>
                    <actions>
                        <action id="-8" name="Set angle" sid="4592786639021556" type="zumbi">
                            <param id="0" name="Angle">angle(Self.X, self.Y, player.X, player.Y)</param>
                        </action>
                        <action id="-17" name="Move forward" sid="4996335111577204" type="zumbi">
                            <param id="0" name="Distance">1</param>
                        </action>
                    </actions>
                </event-block>
                <event-block sid="8692816154546822">
                    <conditions>
                        <condition id="0" name="On collision with another object" sid="9048006246363283" type="zumbi">
                            <param id="0" name="Object">bulllet</param>
                        </condition>
                    </conditions>
                    <actions>
                        <action id="-12" name="Subtract from" sid="2855739251333419" type="zumbi">
                            <param id="0" name="Instance variable">life</param>
                            <param id="1" name="Value">15</param>
                        </action>
                        <action id="-9" name="Destroy" sid="7401530557305646" type="bulllet" />
                    </actions>
                </event-block>
                <event-block sid="2103477174041194">
                    <conditions>
                        <condition id="-7" name="Compare instance variable" sid="7638621607751466" type="zumbi">
                            <param id="0" name="Instance variable">life</param>
                            <param id="1" name="Comparison">3</param>
                            <param id="2" name="Value">0</param>
                        </condition>
                    </conditions>
                    <actions>
                        <action id="-9" name="Destroy" sid="6117644676834845" type="zumbi" />
                        <action id="-10" name="Add to" sid="4480522267576899" type="System">
                            <param id="0" name="Variable">zKilled</param>
                            <param id="1" name="Value">1</param>
                        </action>
                    </actions>
                </event-block>
                <event-block sid="3094180517968804">
                    <conditions>
                        <condition id="-6" name="Every X seconds" sid="8885638494355236" type="System">
                            <param id="0" name="Interval (seconds)">interval</param>
                        </condition>
                    </conditions>
                    <actions>
                        <action id="0" name="Call function" sid="9319362866025122" type="Function">
                            <param id="0" name="Name">&quot;createZumbi&quot;</param>
                            <param id="1" name="Parameter {n}">random(360)</param>
                        </action>
                    </actions>
                    <sub-events>
                        <event-block sid="8897342317466815">
                            <conditions>
                                <condition id="-14" name="Compare variable" sid="9332801692423732" type="System">
                                    <param id="0" name="Variable">interval</param>
                                    <param id="1" name="Comparison">4</param>
                                    <param id="2" name="Value">1</param>
                                </condition>
                            </conditions>
                            <actions>
                                <action id="-11" name="Subtract from" sid="7145311728714649" type="System">
                                    <param id="0" name="Variable">interval</param>
                                    <param id="1" name="Value">0.05</param>
                                </action>
                            </actions>
                        </event-block>
                    </sub-events>
                </event-block>
                <event-block sid="7256847901194884">
                    <conditions>
                        <condition id="0" name="On function" sid="3464787017914032" type="Function">
                            <param id="0" name="Name">&quot;createZumbi&quot;</param>
                        </condition>
                    </conditions>
                    <actions>
                        <action id="-3" name="Create object" sid="5371771822106166" type="System">
                            <param id="0" name="Object to create">zumbi</param>
                            <param id="1" name="Layer">1</param>
                            <param id="2" name="X">320+(cos(Function.Param(0)) * 640)</param>
                            <param id="3" name="Y">240+(sin(Function.Param(0)) * 640)</param>
                        </action>
                    </actions>
                </event-block>
            </sub-events>
        </event-group>
        <event-group description="" sid="6020909791118255" title="player">
            <sub-events>
                <event-block sid="9933821201171712">
                    <conditions>
                        <condition id="1" name="Is overlapping another object" sid="5851883138227453" type="player">
                            <param id="0" name="Object">zumbi</param>
                        </condition>
                    </conditions>
                    <actions>
                        <action id="-11" name="Subtract from" sid="9573415590748564" type="System">
                            <param id="0" name="Variable">health</param>
                            <param id="1" name="Value">1</param>
                        </action>
                    </actions>
                </event-block>
                <event-block sid="7160808659187863">
                    <conditions>
                        <condition id="-14" name="Compare variable" sid="5521983105467637" type="System">
                            <param id="0" name="Variable">health</param>
                            <param id="1" name="Comparison">3</param>
                            <param id="2" name="Value">0</param>
                        </condition>
                    </conditions>
                    <actions>
                        <action id="-9" name="Destroy" sid="1283291691511373" type="player" />
                        <action id="-2" name="Go to layout" sid="8722219906467201" type="System">
                            <param id="0" name="Layout">gameOver</param>
                        </action>
                        <action id="1" name="Post score" sid="1384692874130001" type="LeaderBoard">
                            <param id="0" name="UserID">Authentication.UserIDFromProvider</param>
                            <param id="1" name="Name">Authentication.DisplayName</param>
                            <param id="2" name="Score">zKilled</param>
                            <param id="3" name="Extra">&quot;&quot;</param>
                            <param id="4" name="Post condition">1</param>
                        </action>
                        <action id="2" name="Update all" sid="3072545432729448" type="LeaderBoard" />
                    </actions>
                </event-block>
                <event-block sid="1103594928569186">
                    <conditions>
                        <condition id="-1" name="Every tick" sid="6491081592509283" type="System" />
                    </conditions>
                    <actions>
                        <action id="-5" name="Set width" sid="8982006800530158" type="lifeBar">
                            <param id="0" name="Width">health*0.5</param>
                        </action>
                        <action id="-1" name="Set X" sid="815567078855943" type="lifeBar">
                            <param id="0" name="X">player.X</param>
                        </action>
                        <action id="-2" name="Set Y" sid="3766976415549051" type="lifeBar">
                            <param id="0" name="Y">player.Y</param>
                        </action>
                    </actions>
                </event-block>
            </sub-events>
        </event-group>
        <event-block sid="7941302760901303">
            <conditions>
                <condition id="-1" name="Every tick" sid="9156172733034577" type="System" />
            </conditions>
            <actions>
                <action id="0" name="Set text" sid="8881583413062472" type="score">
                    <param id="0" name="Text">&quot;Mortes: &quot; &amp; zKilled</param>
                </action>
            </actions>
        </event-block>
    </events>
</c2eventsheet>
